q_init_w,q_init_x,q_init_y,q_init_z,q_final_w,q_final_x,q_final_y,q_final_z
0.1849923005685526,0.0176200544016285,0.0094856042252302,-0.9825359857300244,0.165465229783762,0.0448591175532006,0.0077787710809931,-0.9851639282648218
