q_init_w,q_init_x,q_init_y,q_init_z,q_final_w,q_final_x,q_final_y,q_final_z
0.7068410076341668,0.0420549931710834,-0.047419129429344,-0.7045237011606617,0.7086601453809369,0.0495231576183535,-0.0168063337230965,-0.7036056098495972
